reference,baseline,seed,n_scenes,scenes_won,mean_diff,wilcoxon_stat,p_value,significant_005
BF-SAC-RF,SPSA,42,6,5,-0.06905,1.0,0.03125,True
BF-SAC-RF,GA,42,6,5,-0.0476,1.0,0.03125,True
BF-SAC-RF,CMA-ES,42,6,6,-0.05755,0.0,0.015625,True
BF-SAC-RF,TPE,42,6,2,-0.0020333333333333314,11.0,0.578125,False
BF-SAC-RF,SPSA,101,6,5,-0.15856666666666666,3.0,0.078125,False
BF-SAC-RF,GA,101,6,5,-0.03,2.0,0.046875,True
BF-SAC-RF,CMA-ES,101,6,3,-0.005750000000000002,9.0,0.421875,False
BF-SAC-RF,TPE,101,6,4,-0.0161,6.0,0.21875,False
BF-SAC-RF,SPSA,202,6,6,-0.17438333333333333,0.0,0.015625,True
BF-SAC-RF,GA,202,6,4,-0.026033333333333335,3.0,0.078125,False
BF-SAC-RF,CMA-ES,202,6,4,-0.04641666666666666,3.0,0.078125,False
BF-SAC-RF,TPE,202,6,4,-0.027950000000000003,4.0,0.109375,False
BF-SAC-RF,SPSA,303,6,6,-0.16968333333333332,0.0,0.015625,True
BF-SAC-RF,GA,303,6,4,-0.019133333333333336,9.0,0.421875,False
BF-SAC-RF,CMA-ES,303,6,5,-0.012633333333333328,2.0,0.046875,True
BF-SAC-RF,TPE,303,6,5,-0.017633333333333334,5.0,0.15625,False
BF-SAC-RF,SPSA,404,6,6,-0.14203333333333332,0.0,0.015625,True
BF-SAC-RF,GA,404,6,6,-0.05474999999999999,0.0,0.015625,True
BF-SAC-RF,CMA-ES,404,6,6,-0.07358333333333333,0.0,0.015625,True
BF-SAC-RF,TPE,404,6,5,-0.0174,2.0,0.046875,True
