scene,method,method_key,budget_fair,error_at_budget,final_error,score_proxy_at_budget,score_proxy_final,n_sims,backend
Changchun,BF-SAC（序贯LCB）,BF-SAC,101,0.178,0.178,91.99,91.99,101,sumo
Changchun,遗传算法（GA）,GA,101,0.1971,0.1514,91.13,93.19,765,sumo
Changchun,无LHS（随机 101）,No-LHS,101,0.2329,0.2329,89.52,89.52,101,sumo
Changchun,无RF（LHS 101）,No-RF,101,0.2268,0.2268,89.79,89.79,101,sumo
Changchun,SPSA,SPSA,101,0.3917,0.2456,82.38,88.95,301,sumo
RML,BF-SAC（序贯LCB）,BF-SAC,101,0.4476,0.4476,79.86,79.86,101,sumo
RML,遗传算法（GA）,GA,101,0.4386,0.4248,80.26,80.88,765,sumo
RML,无LHS（随机 101）,No-LHS,101,0.4815,0.4815,78.33,78.33,101,sumo
RML,无RF（LHS 101）,No-RF,101,0.5055,0.5055,77.25,77.25,101,sumo
RML,SPSA,SPSA,101,0.4573,0.4488,79.42,79.8,301,sumo
Tianjin,BF-SAC（序贯LCB）,BF-SAC,101,0.1481,0.1481,93.34,93.34,101,sumo
Tianjin,遗传算法（GA）,GA,101,0.1689,0.1438,92.4,93.53,765,sumo
Tianjin,无LHS（随机 101）,No-LHS,101,0.178,0.178,91.99,91.99,101,sumo
Tianjin,无RF（LHS 101）,No-RF,101,0.1754,0.1754,92.11,92.11,101,sumo
Tianjin,SPSA,SPSA,101,0.1905,0.1339,91.43,93.97,301,sumo
XAM-N6,BF-SAC（序贯LCB）,BF-SAC,101,0.0468,0.0468,97.89,97.89,101,sumo
XAM-N6,遗传算法（GA）,GA,101,0.0484,0.034,97.82,98.47,765,sumo
XAM-N6,无LHS（随机 101）,No-LHS,101,0.0448,0.0448,97.98,97.98,101,sumo
XAM-N6,无RF（LHS 101）,No-RF,101,0.0424,0.0424,98.09,98.09,101,sumo
XAM-N6,SPSA,SPSA,101,0.048,0.0473,97.84,97.87,301,sumo
Xian,BF-SAC（序贯LCB）,BF-SAC,101,0.2249,0.2249,89.88,89.88,101,sumo
Xian,遗传算法（GA）,GA,101,0.2573,0.1686,88.42,92.41,765,sumo
Xian,无LHS（随机 101）,No-LHS,101,0.2723,0.2723,87.75,87.75,101,sumo
Xian,无RF（LHS 101）,No-RF,101,0.199,0.199,91.05,91.05,101,sumo
Xian,SPSA,SPSA,101,0.3684,0.3684,83.42,83.42,301,sumo
YTDJ,BF-SAC（序贯LCB）,BF-SAC,101,0.2294,0.2294,89.68,89.68,101,sumo
YTDJ,遗传算法（GA）,GA,101,0.2562,0.1796,88.47,91.92,765,sumo
YTDJ,无LHS（随机 101）,No-LHS,101,0.3269,0.3269,85.29,85.29,101,sumo
YTDJ,无RF（LHS 101）,No-RF,101,0.3248,0.3248,85.38,85.38,101,sumo
YTDJ,SPSA,SPSA,101,0.4234,0.3623,80.94,83.7,301,sumo
