scene,method_key,seed,error_at_budget,final_error,n_init,score_proxy_at_budget,cache_path
Changchun,BF-SAC-MLP,42,0.1565,0.1565,40.0,92.96,C:\Users\10550\Desktop\26毕论项目\outputs\results\comparison_cache\Changchun_BF-SAC-MLP_b100.json
Changchun,BF-SAC-MLP,101,0.2133,0.2133,40.0,90.4,C:\Users\10550\Desktop\26毕论项目\outputs\results\comparison_cache\Changchun_BF-SAC-MLP_b100_s101.json
Changchun,BF-SAC-MLP,202,0.2078,0.2078,40.0,90.65,C:\Users\10550\Desktop\26毕论项目\outputs\results\comparison_cache\Changchun_BF-SAC-MLP_b100_s202.json
Changchun,BF-SAC-MLP,303,0.1544,0.1544,40.0,93.05,C:\Users\10550\Desktop\26毕论项目\outputs\results\comparison_cache\Changchun_BF-SAC-MLP_b100_s303.json
Changchun,BF-SAC-MLP,404,0.1672,0.1672,40.0,92.47,C:\Users\10550\Desktop\26毕论项目\outputs\results\comparison_cache\Changchun_BF-SAC-MLP_b100_s404.json
Changchun,BF-SAC-RF,42,0.1844,0.1844,40.0,91.7,C:\Users\10550\Desktop\26毕论项目\outputs\results\comparison_cache\Changchun_BF-SAC-RF_b100.json
Changchun,BF-SAC-RF,101,0.1743,0.1743,40.0,92.16,C:\Users\10550\Desktop\26毕论项目\outputs\results\comparison_cache\Changchun_BF-SAC-RF_b100_s101.json
Changchun,BF-SAC-RF,202,0.1525,0.1525,40.0,93.14,C:\Users\10550\Desktop\26毕论项目\outputs\results\comparison_cache\Changchun_BF-SAC-RF_b100_s202.json
Changchun,BF-SAC-RF,303,0.1799,0.1799,40.0,91.9,C:\Users\10550\Desktop\26毕论项目\outputs\results\comparison_cache\Changchun_BF-SAC-RF_b100_s303.json
Changchun,BF-SAC-RF,404,0.1512,0.1512,40.0,93.2,C:\Users\10550\Desktop\26毕论项目\outputs\results\comparison_cache\Changchun_BF-SAC-RF_b100_s404.json
Changchun,CMA-ES,42,0.4208,0.4208,,81.06,C:\Users\10550\Desktop\26毕论项目\outputs\results\comparison_cache\Changchun_CMA-ES_b100.json
Changchun,CMA-ES,101,0.2011,0.2011,,90.95,C:\Users\10550\Desktop\26毕论项目\outputs\results\comparison_cache\Changchun_CMA-ES_b100_s101.json
Changchun,CMA-ES,202,0.2324,0.2324,,89.54,C:\Users\10550\Desktop\26毕论项目\outputs\results\comparison_cache\Changchun_CMA-ES_b100_s202.json
Changchun,CMA-ES,303,0.2103,0.2103,,90.54,C:\Users\10550\Desktop\26毕论项目\outputs\results\comparison_cache\Changchun_CMA-ES_b100_s303.json
Changchun,CMA-ES,404,0.4027,0.4027,,81.88,C:\Users\10550\Desktop\26毕论项目\outputs\results\comparison_cache\Changchun_CMA-ES_b100_s404.json
Changchun,GA,42,0.2787,0.2787,,87.46,C:\Users\10550\Desktop\26毕论项目\outputs\results\comparison_cache\Changchun_GA_b100.json
Changchun,GA,101,0.2011,0.2011,,90.95,C:\Users\10550\Desktop\26毕论项目\outputs\results\comparison_cache\Changchun_GA_b100_s101.json
Changchun,GA,202,0.1833,0.1833,,91.75,C:\Users\10550\Desktop\26毕论项目\outputs\results\comparison_cache\Changchun_GA_b100_s202.json
Changchun,GA,303,0.182,0.182,,91.81,C:\Users\10550\Desktop\26毕论项目\outputs\results\comparison_cache\Changchun_GA_b100_s303.json
Changchun,GA,404,0.2777,0.2777,,87.51,C:\Users\10550\Desktop\26毕论项目\outputs\results\comparison_cache\Changchun_GA_b100_s404.json
Changchun,SPSA,42,0.4804,0.4804,,78.38,C:\Users\10550\Desktop\26毕论项目\outputs\results\comparison_cache\Changchun_SPSA_b100.json
Changchun,SPSA,101,0.7254,0.7254,,67.36,C:\Users\10550\Desktop\26毕论项目\outputs\results\comparison_cache\Changchun_SPSA_b100_s101.json
Changchun,SPSA,202,0.5637,0.5637,,74.64,C:\Users\10550\Desktop\26毕论项目\outputs\results\comparison_cache\Changchun_SPSA_b100_s202.json
Changchun,SPSA,303,0.5707,0.5707,,74.32,C:\Users\10550\Desktop\26毕论项目\outputs\results\comparison_cache\Changchun_SPSA_b100_s303.json
Changchun,SPSA,404,0.6728,0.6728,,69.73,C:\Users\10550\Desktop\26毕论项目\outputs\results\comparison_cache\Changchun_SPSA_b100_s404.json
Changchun,TPE,42,0.1643,0.1643,,92.6,C:\Users\10550\Desktop\26毕论项目\outputs\results\comparison_cache\Changchun_TPE_b100.json
Changchun,TPE,101,0.1782,0.1782,,91.98,C:\Users\10550\Desktop\26毕论项目\outputs\results\comparison_cache\Changchun_TPE_b100_s101.json
Changchun,TPE,202,0.1809,0.1809,,91.86,C:\Users\10550\Desktop\26毕论项目\outputs\results\comparison_cache\Changchun_TPE_b100_s202.json
Changchun,TPE,303,0.1481,0.1481,,93.33,C:\Users\10550\Desktop\26毕论项目\outputs\results\comparison_cache\Changchun_TPE_b100_s303.json
Changchun,TPE,404,0.1635,0.1635,,92.64,C:\Users\10550\Desktop\26毕论项目\outputs\results\comparison_cache\Changchun_TPE_b100_s404.json
RML,BF-SAC-MLP,42,0.4133,0.4133,40.0,81.4,C:\Users\10550\Desktop\26毕论项目\outputs\results\comparison_cache\RML_BF-SAC-MLP_b100.json
RML,BF-SAC-MLP,101,0.4106,0.4106,40.0,81.52,C:\Users\10550\Desktop\26毕论项目\outputs\results\comparison_cache\RML_BF-SAC-MLP_b100_s101.json
RML,BF-SAC-MLP,202,0.3985,0.3985,40.0,82.07,C:\Users\10550\Desktop\26毕论项目\outputs\results\comparison_cache\RML_BF-SAC-MLP_b100_s202.json
RML,BF-SAC-MLP,303,0.4014,0.4014,40.0,81.94,C:\Users\10550\Desktop\26毕论项目\outputs\results\comparison_cache\RML_BF-SAC-MLP_b100_s303.json
RML,BF-SAC-MLP,404,0.4138,0.4138,40.0,81.38,C:\Users\10550\Desktop\26毕论项目\outputs\results\comparison_cache\RML_BF-SAC-MLP_b100_s404.json
RML,BF-SAC-RF,42,0.4404,0.4404,40.0,80.18,C:\Users\10550\Desktop\26毕论项目\outputs\results\comparison_cache\RML_BF-SAC-RF_b100.json
RML,BF-SAC-RF,101,0.4462,0.4462,40.0,79.92,C:\Users\10550\Desktop\26毕论项目\outputs\results\comparison_cache\RML_BF-SAC-RF_b100_s101.json
RML,BF-SAC-RF,202,0.4487,0.4487,40.0,79.81,C:\Users\10550\Desktop\26毕论项目\outputs\results\comparison_cache\RML_BF-SAC-RF_b100_s202.json
RML,BF-SAC-RF,303,0.4374,0.4374,40.0,80.32,C:\Users\10550\Desktop\26毕论项目\outputs\results\comparison_cache\RML_BF-SAC-RF_b100_s303.json
RML,BF-SAC-RF,404,0.395,0.395,40.0,82.23,C:\Users\10550\Desktop\26毕论项目\outputs\results\comparison_cache\RML_BF-SAC-RF_b100_s404.json
RML,CMA-ES,42,0.4551,0.4551,,79.52,C:\Users\10550\Desktop\26毕论项目\outputs\results\comparison_cache\RML_CMA-ES_b100.json
RML,CMA-ES,101,0.4217,0.4217,,81.02,C:\Users\10550\Desktop\26毕论项目\outputs\results\comparison_cache\RML_CMA-ES_b100_s101.json
RML,CMA-ES,202,0.4417,0.4417,,80.13,C:\Users\10550\Desktop\26毕论项目\outputs\results\comparison_cache\RML_CMA-ES_b100_s202.json
RML,CMA-ES,303,0.4235,0.4235,,80.94,C:\Users\10550\Desktop\26毕论项目\outputs\results\comparison_cache\RML_CMA-ES_b100_s303.json
RML,CMA-ES,404,0.4587,0.4587,,79.36,C:\Users\10550\Desktop\26毕论项目\outputs\results\comparison_cache\RML_CMA-ES_b100_s404.json
RML,GA,42,0.546,0.546,,75.43,C:\Users\10550\Desktop\26毕论项目\outputs\results\comparison_cache\RML_GA_b100.json
RML,GA,101,0.4369,0.4369,,80.34,C:\Users\10550\Desktop\26毕论项目\outputs\results\comparison_cache\RML_GA_b100_s101.json
RML,GA,202,0.447,0.447,,79.88,C:\Users\10550\Desktop\26毕论项目\outputs\results\comparison_cache\RML_GA_b100_s202.json
RML,GA,303,0.4266,0.4266,,80.8,C:\Users\10550\Desktop\26毕论项目\outputs\results\comparison_cache\RML_GA_b100_s303.json
RML,GA,404,0.4653,0.4653,,79.06,C:\Users\10550\Desktop\26毕论项目\outputs\results\comparison_cache\RML_GA_b100_s404.json
RML,SPSA,42,0.5221,0.5221,,76.51,C:\Users\10550\Desktop\26毕论项目\outputs\results\comparison_cache\RML_SPSA_b100.json
RML,SPSA,101,0.4546,0.4546,,79.54,C:\Users\10550\Desktop\26毕论项目\outputs\results\comparison_cache\RML_SPSA_b100_s101.json
RML,SPSA,202,0.7668,0.7668,,65.49,C:\Users\10550\Desktop\26毕论项目\outputs\results\comparison_cache\RML_SPSA_b100_s202.json
RML,SPSA,303,0.4734,0.4734,,78.7,C:\Users\10550\Desktop\26毕论项目\outputs\results\comparison_cache\RML_SPSA_b100_s303.json
RML,SPSA,404,0.4824,0.4824,,78.29,C:\Users\10550\Desktop\26毕论项目\outputs\results\comparison_cache\RML_SPSA_b100_s404.json
RML,TPE,42,0.452,0.452,,79.66,C:\Users\10550\Desktop\26毕论项目\outputs\results\comparison_cache\RML_TPE_b100.json
RML,TPE,101,0.454,0.454,,79.57,C:\Users\10550\Desktop\26毕论项目\outputs\results\comparison_cache\RML_TPE_b100_s101.json
RML,TPE,202,0.4431,0.4431,,80.06,C:\Users\10550\Desktop\26毕论项目\outputs\results\comparison_cache\RML_TPE_b100_s202.json
RML,TPE,303,0.4478,0.4478,,79.85,C:\Users\10550\Desktop\26毕论项目\outputs\results\comparison_cache\RML_TPE_b100_s303.json
RML,TPE,404,0.4641,0.4641,,79.12,C:\Users\10550\Desktop\26毕论项目\outputs\results\comparison_cache\RML_TPE_b100_s404.json
Tianjin,BF-SAC-MLP,42,0.1741,0.1741,40.0,92.16,C:\Users\10550\Desktop\26毕论项目\outputs\results\comparison_cache\Tianjin_BF-SAC-MLP_b100.json
Tianjin,BF-SAC-MLP,101,0.1484,0.1484,40.0,93.32,C:\Users\10550\Desktop\26毕论项目\outputs\results\comparison_cache\Tianjin_BF-SAC-MLP_b100_s101.json
Tianjin,BF-SAC-MLP,202,0.1681,0.1681,40.0,92.43,C:\Users\10550\Desktop\26毕论项目\outputs\results\comparison_cache\Tianjin_BF-SAC-MLP_b100_s202.json
Tianjin,BF-SAC-MLP,303,0.1383,0.1383,40.0,93.78,C:\Users\10550\Desktop\26毕论项目\outputs\results\comparison_cache\Tianjin_BF-SAC-MLP_b100_s303.json
Tianjin,BF-SAC-MLP,404,0.1887,0.1887,40.0,91.51,C:\Users\10550\Desktop\26毕论项目\outputs\results\comparison_cache\Tianjin_BF-SAC-MLP_b100_s404.json
Tianjin,BF-SAC-RF,42,0.15,0.15,40.0,93.25,C:\Users\10550\Desktop\26毕论项目\outputs\results\comparison_cache\Tianjin_BF-SAC-RF_b100.json
Tianjin,BF-SAC-RF,101,0.1602,0.1602,40.0,92.79,C:\Users\10550\Desktop\26毕论项目\outputs\results\comparison_cache\Tianjin_BF-SAC-RF_b100_s101.json
Tianjin,BF-SAC-RF,202,0.1333,0.1333,40.0,94.0,C:\Users\10550\Desktop\26毕论项目\outputs\results\comparison_cache\Tianjin_BF-SAC-RF_b100_s202.json
Tianjin,BF-SAC-RF,303,0.1495,0.1495,40.0,93.27,C:\Users\10550\Desktop\26毕论项目\outputs\results\comparison_cache\Tianjin_BF-SAC-RF_b100_s303.json
Tianjin,BF-SAC-RF,404,0.1356,0.1356,40.0,93.9,C:\Users\10550\Desktop\26毕论项目\outputs\results\comparison_cache\Tianjin_BF-SAC-RF_b100_s404.json
Tianjin,CMA-ES,42,0.196,0.196,,91.18,C:\Users\10550\Desktop\26毕论项目\outputs\results\comparison_cache\Tianjin_CMA-ES_b100.json
Tianjin,CMA-ES,101,0.1566,0.1566,,92.95,C:\Users\10550\Desktop\26毕论项目\outputs\results\comparison_cache\Tianjin_CMA-ES_b100_s101.json
Tianjin,CMA-ES,202,0.1596,0.1596,,92.82,C:\Users\10550\Desktop\26毕论项目\outputs\results\comparison_cache\Tianjin_CMA-ES_b100_s202.json
Tianjin,CMA-ES,303,0.1668,0.1668,,92.49,C:\Users\10550\Desktop\26毕论项目\outputs\results\comparison_cache\Tianjin_CMA-ES_b100_s303.json
Tianjin,CMA-ES,404,0.1695,0.1695,,92.37,C:\Users\10550\Desktop\26毕论项目\outputs\results\comparison_cache\Tianjin_CMA-ES_b100_s404.json
Tianjin,GA,42,0.1669,0.1669,,92.49,C:\Users\10550\Desktop\26毕论项目\outputs\results\comparison_cache\Tianjin_GA_b100.json
Tianjin,GA,101,0.1898,0.1898,,91.46,C:\Users\10550\Desktop\26毕论项目\outputs\results\comparison_cache\Tianjin_GA_b100_s101.json
Tianjin,GA,202,0.1699,0.1699,,92.35,C:\Users\10550\Desktop\26毕论项目\outputs\results\comparison_cache\Tianjin_GA_b100_s202.json
Tianjin,GA,303,0.153,0.153,,93.11,C:\Users\10550\Desktop\26毕论项目\outputs\results\comparison_cache\Tianjin_GA_b100_s303.json
Tianjin,GA,404,0.17,0.17,,92.35,C:\Users\10550\Desktop\26毕论项目\outputs\results\comparison_cache\Tianjin_GA_b100_s404.json
Tianjin,SPSA,42,0.1612,0.1612,,92.75,C:\Users\10550\Desktop\26毕论项目\outputs\results\comparison_cache\Tianjin_SPSA_b100.json
Tianjin,SPSA,101,0.1483,0.1483,,93.33,C:\Users\10550\Desktop\26毕论项目\outputs\results\comparison_cache\Tianjin_SPSA_b100_s101.json
Tianjin,SPSA,202,0.173,0.173,,92.21,C:\Users\10550\Desktop\26毕论项目\outputs\results\comparison_cache\Tianjin_SPSA_b100_s202.json
Tianjin,SPSA,303,0.2833,0.2833,,87.25,C:\Users\10550\Desktop\26毕论项目\outputs\results\comparison_cache\Tianjin_SPSA_b100_s303.json
Tianjin,SPSA,404,0.1924,0.1924,,91.34,C:\Users\10550\Desktop\26毕论项目\outputs\results\comparison_cache\Tianjin_SPSA_b100_s404.json
Tianjin,TPE,42,0.1724,0.1724,,92.24,C:\Users\10550\Desktop\26毕论项目\outputs\results\comparison_cache\Tianjin_TPE_b100.json
Tianjin,TPE,101,0.1719,0.1719,,92.26,C:\Users\10550\Desktop\26毕论项目\outputs\results\comparison_cache\Tianjin_TPE_b100_s101.json
Tianjin,TPE,202,0.1679,0.1679,,92.45,C:\Users\10550\Desktop\26毕论项目\outputs\results\comparison_cache\Tianjin_TPE_b100_s202.json
Tianjin,TPE,303,0.1659,0.1659,,92.54,C:\Users\10550\Desktop\26毕论项目\outputs\results\comparison_cache\Tianjin_TPE_b100_s303.json
Tianjin,TPE,404,0.1476,0.1476,,93.36,C:\Users\10550\Desktop\26毕论项目\outputs\results\comparison_cache\Tianjin_TPE_b100_s404.json
XAM-N6,BF-SAC-MLP,42,0.0503,0.0503,40.0,97.74,C:\Users\10550\Desktop\26毕论项目\outputs\results\comparison_cache\XAM-N6_BF-SAC-MLP_b100.json
XAM-N6,BF-SAC-MLP,101,0.0646,0.0646,40.0,97.09,C:\Users\10550\Desktop\26毕论项目\outputs\results\comparison_cache\XAM-N6_BF-SAC-MLP_b100_s101.json
XAM-N6,BF-SAC-MLP,202,0.0543,0.0543,40.0,97.56,C:\Users\10550\Desktop\26毕论项目\outputs\results\comparison_cache\XAM-N6_BF-SAC-MLP_b100_s202.json
XAM-N6,BF-SAC-MLP,303,0.0429,0.0429,40.0,98.07,C:\Users\10550\Desktop\26毕论项目\outputs\results\comparison_cache\XAM-N6_BF-SAC-MLP_b100_s303.json
XAM-N6,BF-SAC-MLP,404,0.0352,0.0352,40.0,98.41,C:\Users\10550\Desktop\26毕论项目\outputs\results\comparison_cache\XAM-N6_BF-SAC-MLP_b100_s404.json
XAM-N6,BF-SAC-RF,42,0.0571,0.0571,40.0,97.43,C:\Users\10550\Desktop\26毕论项目\outputs\results\comparison_cache\XAM-N6_BF-SAC-RF_b100.json
XAM-N6,BF-SAC-RF,101,0.0465,0.0465,40.0,97.91,C:\Users\10550\Desktop\26毕论项目\outputs\results\comparison_cache\XAM-N6_BF-SAC-RF_b100_s101.json
XAM-N6,BF-SAC-RF,202,0.0406,0.0406,40.0,98.18,C:\Users\10550\Desktop\26毕论项目\outputs\results\comparison_cache\XAM-N6_BF-SAC-RF_b100_s202.json
XAM-N6,BF-SAC-RF,303,0.0363,0.0363,40.0,98.36,C:\Users\10550\Desktop\26毕论项目\outputs\results\comparison_cache\XAM-N6_BF-SAC-RF_b100_s303.json
XAM-N6,BF-SAC-RF,404,0.0381,0.0381,40.0,98.28,C:\Users\10550\Desktop\26毕论项目\outputs\results\comparison_cache\XAM-N6_BF-SAC-RF_b100_s404.json
XAM-N6,CMA-ES,42,0.06,0.06,,97.3,C:\Users\10550\Desktop\26毕论项目\outputs\results\comparison_cache\XAM-N6_CMA-ES_b100.json
XAM-N6,CMA-ES,101,0.0488,0.0488,,97.8,C:\Users\10550\Desktop\26毕论项目\outputs\results\comparison_cache\XAM-N6_CMA-ES_b100_s101.json
XAM-N6,CMA-ES,202,0.0625,0.0625,,97.19,C:\Users\10550\Desktop\26毕论项目\outputs\results\comparison_cache\XAM-N6_CMA-ES_b100_s202.json
XAM-N6,CMA-ES,303,0.0533,0.0533,,97.6,C:\Users\10550\Desktop\26毕论项目\outputs\results\comparison_cache\XAM-N6_CMA-ES_b100_s303.json
XAM-N6,CMA-ES,404,0.0834,0.0834,,96.24,C:\Users\10550\Desktop\26毕论项目\outputs\results\comparison_cache\XAM-N6_CMA-ES_b100_s404.json
XAM-N6,GA,42,0.0429,0.0429,,98.07,C:\Users\10550\Desktop\26毕论项目\outputs\results\comparison_cache\XAM-N6_GA_b100.json
XAM-N6,GA,101,0.0541,0.0541,,97.57,C:\Users\10550\Desktop\26毕论项目\outputs\results\comparison_cache\XAM-N6_GA_b100_s101.json
XAM-N6,GA,202,0.048,0.048,,97.84,C:\Users\10550\Desktop\26毕论项目\outputs\results\comparison_cache\XAM-N6_GA_b100_s202.json
XAM-N6,GA,303,0.0378,0.0378,,98.3,C:\Users\10550\Desktop\26毕论项目\outputs\results\comparison_cache\XAM-N6_GA_b100_s303.json
XAM-N6,GA,404,0.0445,0.0445,,98.0,C:\Users\10550\Desktop\26毕论项目\outputs\results\comparison_cache\XAM-N6_GA_b100_s404.json
XAM-N6,SPSA,42,0.0749,0.0749,,96.63,C:\Users\10550\Desktop\26毕论项目\outputs\results\comparison_cache\XAM-N6_SPSA_b100.json
XAM-N6,SPSA,101,0.3073,0.3073,,86.17,C:\Users\10550\Desktop\26毕论项目\outputs\results\comparison_cache\XAM-N6_SPSA_b100_s101.json
XAM-N6,SPSA,202,0.1231,0.1231,,94.46,C:\Users\10550\Desktop\26毕论项目\outputs\results\comparison_cache\XAM-N6_SPSA_b100_s202.json
XAM-N6,SPSA,303,0.2546,0.2546,,88.54,C:\Users\10550\Desktop\26毕论项目\outputs\results\comparison_cache\XAM-N6_SPSA_b100_s303.json
XAM-N6,SPSA,404,0.0481,0.0481,,97.84,C:\Users\10550\Desktop\26毕论项目\outputs\results\comparison_cache\XAM-N6_SPSA_b100_s404.json
XAM-N6,TPE,42,0.0561,0.0561,,97.48,C:\Users\10550\Desktop\26毕论项目\outputs\results\comparison_cache\XAM-N6_TPE_b100.json
XAM-N6,TPE,101,0.0433,0.0433,,98.05,C:\Users\10550\Desktop\26毕论项目\outputs\results\comparison_cache\XAM-N6_TPE_b100_s101.json
XAM-N6,TPE,202,0.0543,0.0543,,97.56,C:\Users\10550\Desktop\26毕论项目\outputs\results\comparison_cache\XAM-N6_TPE_b100_s202.json
XAM-N6,TPE,303,0.0371,0.0371,,98.33,C:\Users\10550\Desktop\26毕论项目\outputs\results\comparison_cache\XAM-N6_TPE_b100_s303.json
XAM-N6,TPE,404,0.0457,0.0457,,97.94,C:\Users\10550\Desktop\26毕论项目\outputs\results\comparison_cache\XAM-N6_TPE_b100_s404.json
Xian,BF-SAC-MLP,42,0.42,0.42,40.0,81.1,C:\Users\10550\Desktop\26毕论项目\outputs\results\comparison_cache\Xian_BF-SAC-MLP_b100.json
Xian,BF-SAC-MLP,101,0.4226,0.4226,40.0,80.98,C:\Users\10550\Desktop\26毕论项目\outputs\results\comparison_cache\Xian_BF-SAC-MLP_b100_s101.json
Xian,BF-SAC-MLP,202,0.4238,0.4238,40.0,80.93,C:\Users\10550\Desktop\26毕论项目\outputs\results\comparison_cache\Xian_BF-SAC-MLP_b100_s202.json
Xian,BF-SAC-MLP,303,0.4323,0.4323,40.0,80.55,C:\Users\10550\Desktop\26毕论项目\outputs\results\comparison_cache\Xian_BF-SAC-MLP_b100_s303.json
Xian,BF-SAC-MLP,404,0.4266,0.4266,40.0,80.8,C:\Users\10550\Desktop\26毕论项目\outputs\results\comparison_cache\Xian_BF-SAC-MLP_b100_s404.json
Xian,BF-SAC-RF,42,0.4254,0.4254,40.0,80.86,C:\Users\10550\Desktop\26毕论项目\outputs\results\comparison_cache\Xian_BF-SAC-RF_b100.json
Xian,BF-SAC-RF,101,0.4375,0.4375,40.0,80.31,C:\Users\10550\Desktop\26毕论项目\outputs\results\comparison_cache\Xian_BF-SAC-RF_b100_s101.json
Xian,BF-SAC-RF,202,0.4318,0.4318,40.0,80.57,C:\Users\10550\Desktop\26毕论项目\outputs\results\comparison_cache\Xian_BF-SAC-RF_b100_s202.json
Xian,BF-SAC-RF,303,0.4255,0.4255,40.0,80.85,C:\Users\10550\Desktop\26毕论项目\outputs\results\comparison_cache\Xian_BF-SAC-RF_b100_s303.json
Xian,BF-SAC-RF,404,0.4278,0.4278,40.0,80.75,C:\Users\10550\Desktop\26毕论项目\outputs\results\comparison_cache\Xian_BF-SAC-RF_b100_s404.json
Xian,CMA-ES,42,0.4417,0.4417,,80.12,C:\Users\10550\Desktop\26毕论项目\outputs\results\comparison_cache\Xian_CMA-ES_b100.json
Xian,CMA-ES,101,0.4337,0.4337,,80.48,C:\Users\10550\Desktop\26毕论项目\outputs\results\comparison_cache\Xian_CMA-ES_b100_s101.json
Xian,CMA-ES,202,0.421,0.421,,81.05,C:\Users\10550\Desktop\26毕论项目\outputs\results\comparison_cache\Xian_CMA-ES_b100_s202.json
Xian,CMA-ES,303,0.441,0.441,,80.16,C:\Users\10550\Desktop\26毕论项目\outputs\results\comparison_cache\Xian_CMA-ES_b100_s303.json
Xian,CMA-ES,404,0.4374,0.4374,,80.32,C:\Users\10550\Desktop\26毕论项目\outputs\results\comparison_cache\Xian_CMA-ES_b100_s404.json
Xian,GA,42,0.4665,0.4665,,79.01,C:\Users\10550\Desktop\26毕论项目\outputs\results\comparison_cache\Xian_GA_b100.json
Xian,GA,101,0.4562,0.4562,,79.47,C:\Users\10550\Desktop\26毕论项目\outputs\results\comparison_cache\Xian_GA_b100_s101.json
Xian,GA,202,0.4253,0.4253,,80.86,C:\Users\10550\Desktop\26毕论项目\outputs\results\comparison_cache\Xian_GA_b100_s202.json
Xian,GA,303,0.4217,0.4217,,81.02,C:\Users\10550\Desktop\26毕论项目\outputs\results\comparison_cache\Xian_GA_b100_s303.json
Xian,GA,404,0.429,0.429,,80.7,C:\Users\10550\Desktop\26毕论项目\outputs\results\comparison_cache\Xian_GA_b100_s404.json
Xian,SPSA,42,0.4375,0.4375,,80.31,C:\Users\10550\Desktop\26毕论项目\outputs\results\comparison_cache\Xian_SPSA_b100.json
Xian,SPSA,101,0.441,0.441,,80.15,C:\Users\10550\Desktop\26毕论项目\outputs\results\comparison_cache\Xian_SPSA_b100_s101.json
Xian,SPSA,202,0.4436,0.4436,,80.04,C:\Users\10550\Desktop\26毕论项目\outputs\results\comparison_cache\Xian_SPSA_b100_s202.json
Xian,SPSA,303,0.4405,0.4405,,80.18,C:\Users\10550\Desktop\26毕论项目\outputs\results\comparison_cache\Xian_SPSA_b100_s303.json
Xian,SPSA,404,0.4368,0.4368,,80.34,C:\Users\10550\Desktop\26毕论项目\outputs\results\comparison_cache\Xian_SPSA_b100_s404.json
Xian,TPE,42,0.4249,0.4249,,80.88,C:\Users\10550\Desktop\26毕论项目\outputs\results\comparison_cache\Xian_TPE_b100.json
Xian,TPE,101,0.4194,0.4194,,81.13,C:\Users\10550\Desktop\26毕论项目\outputs\results\comparison_cache\Xian_TPE_b100_s101.json
Xian,TPE,202,0.4087,0.4087,,81.61,C:\Users\10550\Desktop\26毕论项目\outputs\results\comparison_cache\Xian_TPE_b100_s202.json
Xian,TPE,303,0.4393,0.4393,,80.23,C:\Users\10550\Desktop\26毕论项目\outputs\results\comparison_cache\Xian_TPE_b100_s303.json
Xian,TPE,404,0.4399,0.4399,,80.21,C:\Users\10550\Desktop\26毕论项目\outputs\results\comparison_cache\Xian_TPE_b100_s404.json
YTDJ,BF-SAC-MLP,42,0.2225,0.2225,40.0,89.99,C:\Users\10550\Desktop\26毕论项目\outputs\results\comparison_cache\YTDJ_BF-SAC-MLP_b100.json
YTDJ,BF-SAC-MLP,101,0.2181,0.2181,40.0,90.19,C:\Users\10550\Desktop\26毕论项目\outputs\results\comparison_cache\YTDJ_BF-SAC-MLP_b100_s101.json
YTDJ,BF-SAC-MLP,202,0.2157,0.2157,40.0,90.3,C:\Users\10550\Desktop\26毕论项目\outputs\results\comparison_cache\YTDJ_BF-SAC-MLP_b100_s202.json
YTDJ,BF-SAC-MLP,303,0.2131,0.2131,40.0,90.41,C:\Users\10550\Desktop\26毕论项目\outputs\results\comparison_cache\YTDJ_BF-SAC-MLP_b100_s303.json
YTDJ,BF-SAC-MLP,404,0.2184,0.2184,40.0,90.17,C:\Users\10550\Desktop\26毕论项目\outputs\results\comparison_cache\YTDJ_BF-SAC-MLP_b100_s404.json
YTDJ,BF-SAC-RF,42,0.2154,0.2154,40.0,90.31,C:\Users\10550\Desktop\26毕论项目\outputs\results\comparison_cache\YTDJ_BF-SAC-RF_b100.json
YTDJ,BF-SAC-RF,101,0.2443,0.2443,40.0,89.01,C:\Users\10550\Desktop\26毕论项目\outputs\results\comparison_cache\YTDJ_BF-SAC-RF_b100_s101.json
YTDJ,BF-SAC-RF,202,0.2115,0.2115,40.0,90.48,C:\Users\10550\Desktop\26毕论项目\outputs\results\comparison_cache\YTDJ_BF-SAC-RF_b100_s202.json
YTDJ,BF-SAC-RF,303,0.2318,0.2318,40.0,89.57,C:\Users\10550\Desktop\26毕论项目\outputs\results\comparison_cache\YTDJ_BF-SAC-RF_b100_s303.json
YTDJ,BF-SAC-RF,404,0.2139,0.2139,40.0,90.37,C:\Users\10550\Desktop\26毕论项目\outputs\results\comparison_cache\YTDJ_BF-SAC-RF_b100_s404.json
YTDJ,CMA-ES,42,0.2444,0.2444,,89.0,C:\Users\10550\Desktop\26毕论项目\outputs\results\comparison_cache\YTDJ_CMA-ES_b100.json
YTDJ,CMA-ES,101,0.2816,0.2816,,87.33,C:\Users\10550\Desktop\26毕论项目\outputs\results\comparison_cache\YTDJ_CMA-ES_b100_s101.json
YTDJ,CMA-ES,202,0.3797,0.3797,,82.91,C:\Users\10550\Desktop\26毕论项目\outputs\results\comparison_cache\YTDJ_CMA-ES_b100_s202.json
YTDJ,CMA-ES,303,0.2413,0.2413,,89.14,C:\Users\10550\Desktop\26毕论项目\outputs\results\comparison_cache\YTDJ_CMA-ES_b100_s303.json
YTDJ,CMA-ES,404,0.2514,0.2514,,88.69,C:\Users\10550\Desktop\26毕论项目\outputs\results\comparison_cache\YTDJ_CMA-ES_b100_s404.json
YTDJ,GA,42,0.2573,0.2573,,88.42,C:\Users\10550\Desktop\26毕论项目\outputs\results\comparison_cache\YTDJ_GA_b100.json
YTDJ,GA,101,0.3509,0.3509,,84.21,C:\Users\10550\Desktop\26毕论项目\outputs\results\comparison_cache\YTDJ_GA_b100_s101.json
YTDJ,GA,202,0.3011,0.3011,,86.45,C:\Users\10550\Desktop\26毕论项目\outputs\results\comparison_cache\YTDJ_GA_b100_s202.json
YTDJ,GA,303,0.3541,0.3541,,84.07,C:\Users\10550\Desktop\26毕论项目\outputs\results\comparison_cache\YTDJ_GA_b100_s303.json
YTDJ,GA,404,0.3036,0.3036,,86.34,C:\Users\10550\Desktop\26毕论项目\outputs\results\comparison_cache\YTDJ_GA_b100_s404.json
YTDJ,SPSA,42,0.2109,0.2109,,90.51,C:\Users\10550\Desktop\26毕论项目\outputs\results\comparison_cache\YTDJ_SPSA_b100.json
YTDJ,SPSA,101,0.3838,0.3838,,82.73,C:\Users\10550\Desktop\26毕论项目\outputs\results\comparison_cache\YTDJ_SPSA_b100_s101.json
YTDJ,SPSA,202,0.3945,0.3945,,82.25,C:\Users\10550\Desktop\26毕论项目\outputs\results\comparison_cache\YTDJ_SPSA_b100_s202.json
YTDJ,SPSA,303,0.456,0.456,,79.48,C:\Users\10550\Desktop\26毕论项目\outputs\results\comparison_cache\YTDJ_SPSA_b100_s303.json
YTDJ,SPSA,404,0.3813,0.3813,,82.84,C:\Users\10550\Desktop\26毕论项目\outputs\results\comparison_cache\YTDJ_SPSA_b100_s404.json
YTDJ,TPE,42,0.2152,0.2152,,90.32,C:\Users\10550\Desktop\26毕论项目\outputs\results\comparison_cache\YTDJ_TPE_b100.json
YTDJ,TPE,101,0.3388,0.3388,,84.76,C:\Users\10550\Desktop\26毕论项目\outputs\results\comparison_cache\YTDJ_TPE_b100_s101.json
YTDJ,TPE,202,0.3312,0.3312,,85.1,C:\Users\10550\Desktop\26毕论项目\outputs\results\comparison_cache\YTDJ_TPE_b100_s202.json
YTDJ,TPE,303,0.328,0.328,,85.24,C:\Users\10550\Desktop\26毕论项目\outputs\results\comparison_cache\YTDJ_TPE_b100_s303.json
YTDJ,TPE,404,0.2052,0.2052,,90.76,C:\Users\10550\Desktop\26毕论项目\outputs\results\comparison_cache\YTDJ_TPE_b100_s404.json
