n_seeds,error_mean,error_std,error_sem,error_ci_half,error_min,error_max,scene,method_key
5.0,0.17984,0.028517766392198392,0.012753532843882906,0.024996924374010496,0.1544,0.2133,Changchun,BF-SAC-MLP
5.0,0.16846,0.01558598729628637,0.006970265418188896,0.013661720219650236,0.1512,0.1844,Changchun,BF-SAC-RF
5.0,0.29346,0.1087694028667989,0.048643155736444565,0.09534058524343135,0.2011,0.4208,Changchun,CMA-ES
5.0,0.22456,0.04954571626286172,0.02215751791153513,0.04342873510660886,0.182,0.2787,Changchun,GA
5.0,0.6026,0.09678783497940224,0.04328483568179507,0.08483827793631835,0.4804,0.7254,Changchun,SPSA
5.0,0.167,0.013185218997043618,0.005896609195122225,0.011557354022439561,0.1481,0.1809,Changchun,TPE
5.0,0.40752000000000005,0.007091332737927337,0.0031713404106150454,0.006215827204805489,0.3985,0.4138,RML,BF-SAC-MLP
5.0,0.43354,0.022007907669744517,0.009842235518417546,0.01929078161609839,0.395,0.4487,RML,BF-SAC-RF
5.0,0.44014,0.017231018542152404,0.007705945756362419,0.015103653682470342,0.4217,0.4587,RML,CMA-ES
5.0,0.46436,0.047820529064409166,0.02138599074160466,0.04191654185354513,0.4266,0.546,RML,GA
5.0,0.53986,0.12923334708967343,0.05779490981046688,0.11327802322851509,0.4546,0.7668,RML,SPSA
5.0,0.45220000000000005,0.007859071191941206,0.003514683485038167,0.006888779630674807,0.4431,0.4641,RML,TPE
5.0,0.16352,0.02019658386955576,0.009032186889120485,0.01770308630267615,0.1383,0.1887,Tianjin,BF-SAC-MLP
5.0,0.14572,0.011168571976756922,0.0049947372303255355,0.00978968497143805,0.1333,0.1602,Tianjin,BF-SAC-RF
5.0,0.16970000000000002,0.015602563891873674,0.006977678697102642,0.013676250246321178,0.1566,0.196,Tianjin,CMA-ES
5.0,0.16992000000000002,0.013139901065076556,0.005876342399826613,0.011517631103660162,0.153,0.1898,Tianjin,GA
5.0,0.19164,0.053746004502660476,0.02403594391739172,0.04711045007808777,0.1483,0.2833,Tianjin,SPSA
5.0,0.16513999999999998,0.010176590784737288,0.004551109754774101,0.008920175119357238,0.1476,0.1724,Tianjin,TPE
5.0,0.049460000000000004,0.011177343154793094,0.004998659820391862,0.009797373247968049,0.0352,0.0646,XAM-N6,BF-SAC-MLP
5.0,0.043719999999999995,0.008413203908143435,0.003762499169435123,0.007374498372092841,0.0363,0.0571,XAM-N6,BF-SAC-RF
5.0,0.06160000000000001,0.013335478994021925,0.005963807508630707,0.011689062716916184,0.0488,0.0834,XAM-N6,CMA-ES
5.0,0.04546,0.00606737175389806,0.002713411137295637,0.005318285829099448,0.0378,0.0541,XAM-N6,GA
5.0,0.16160000000000002,0.11375289007317572,0.050871838968136386,0.09970880437754731,0.0481,0.3073,XAM-N6,SPSA
5.0,0.047299999999999995,0.007890500617831545,0.0035287391515950845,0.006916328737126365,0.0371,0.0561,XAM-N6,TPE
5.0,0.42506000000000005,0.0046912684851754234,0.002097999046710942,0.004112078131553447,0.42,0.4323,Xian,BF-SAC-MLP
5.0,0.42960000000000004,0.005122011323689164,0.00229063310025853,0.004489640876506718,0.4254,0.4375,Xian,BF-SAC-RF
5.0,0.43496000000000007,0.008431073478507946,0.0037704906842478754,0.007390161741125835,0.421,0.4417,Xian,CMA-ES
5.0,0.43974,0.02022580035499214,0.009045252898620359,0.017728695681295904,0.4217,0.4665,Xian,GA
5.0,0.43987999999999994,0.002767128475513914,0.0012374974747448948,0.0024254950504999937,0.4368,0.4436,Xian,SPSA
5.0,0.42644000000000004,0.013352827415944542,0.005971565958774971,0.011704269279198943,0.4087,0.4399,Xian,TPE
5.0,0.21755999999999998,0.0034911316216951747,0.0015612815249018979,0.0030601117888077196,0.2131,0.2225,YTDJ,BF-SAC-MLP
5.0,0.22338,0.014170638658860788,0.006337302265159835,0.012421112439713276,0.2115,0.2443,YTDJ,BF-SAC-RF
5.0,0.27968000000000004,0.05814883489804416,0.02600494952888776,0.05096970107662001,0.2413,0.3797,YTDJ,CMA-ES
5.0,0.3134,0.04017860126983021,0.017968416736039942,0.035218096802638287,0.2573,0.3541,YTDJ,GA
5.0,0.3653,0.09153788833046128,0.04093698816473923,0.08023649680288888,0.2109,0.456,YTDJ,SPSA
5.0,0.28368000000000004,0.06728530300147277,0.030090902279592747,0.05897816846800178,0.2052,0.3388,YTDJ,TPE
