flat_variant,baseline,scene,seed,threshold,budget_needed,reached
FLAT-RF,SPSA,Tianjin,42,0.1457,46,True
FLAT-RF,SPSA,Tianjin,101,0.1457,501,False
FLAT-RF,SPSA,Tianjin,202,0.1457,314,True
FLAT-RF,SPSA,Tianjin,303,0.1457,501,False
FLAT-RF,SPSA,Tianjin,404,0.1457,350,True
FLAT-RF,SPSA,Changchun,42,0.1685,394,True
FLAT-RF,SPSA,Changchun,101,0.1685,501,False
FLAT-RF,SPSA,Changchun,202,0.1685,501,False
FLAT-RF,SPSA,Changchun,303,0.1685,501,False
FLAT-RF,SPSA,Changchun,404,0.1685,501,False
FLAT-RF,SPSA,Xian,42,0.4296,172,True
FLAT-RF,SPSA,Xian,101,0.4296,501,False
FLAT-RF,SPSA,Xian,202,0.4296,241,True
FLAT-RF,SPSA,Xian,303,0.4296,106,True
FLAT-RF,SPSA,Xian,404,0.4296,501,False
FLAT-RF,SPSA,YTDJ,42,0.2234,501,False
FLAT-RF,SPSA,YTDJ,101,0.2234,501,False
FLAT-RF,SPSA,YTDJ,202,0.2234,501,False
FLAT-RF,SPSA,YTDJ,303,0.2234,501,False
FLAT-RF,SPSA,YTDJ,404,0.2234,501,False
FLAT-RF,SPSA,RML,42,0.4335,501,False
FLAT-RF,SPSA,RML,101,0.4335,71,True
FLAT-RF,SPSA,RML,202,0.4335,61,True
FLAT-RF,SPSA,RML,303,0.4335,501,False
FLAT-RF,SPSA,RML,404,0.4335,501,False
FLAT-RF,SPSA,XAM-N6,42,0.0437,501,False
FLAT-RF,SPSA,XAM-N6,101,0.0437,501,False
FLAT-RF,SPSA,XAM-N6,202,0.0437,501,False
FLAT-RF,SPSA,XAM-N6,303,0.0437,501,False
FLAT-RF,SPSA,XAM-N6,404,0.0437,501,False
FLAT-RF,GA,Tianjin,42,0.1457,501,False
FLAT-RF,GA,Tianjin,101,0.1457,501,False
FLAT-RF,GA,Tianjin,202,0.1457,339,True
FLAT-RF,GA,Tianjin,303,0.1457,501,False
FLAT-RF,GA,Tianjin,404,0.1457,424,True
FLAT-RF,GA,Changchun,42,0.1685,501,False
FLAT-RF,GA,Changchun,101,0.1685,501,False
FLAT-RF,GA,Changchun,202,0.1685,501,False
FLAT-RF,GA,Changchun,303,0.1685,501,False
FLAT-RF,GA,Changchun,404,0.1685,501,False
FLAT-RF,GA,Xian,42,0.4296,191,True
FLAT-RF,GA,Xian,101,0.4296,116,True
FLAT-RF,GA,Xian,202,0.4296,65,True
FLAT-RF,GA,Xian,303,0.4296,220,True
FLAT-RF,GA,Xian,404,0.4296,139,True
FLAT-RF,GA,YTDJ,42,0.2234,501,False
FLAT-RF,GA,YTDJ,101,0.2234,289,True
FLAT-RF,GA,YTDJ,202,0.2234,501,False
FLAT-RF,GA,YTDJ,303,0.2234,232,True
FLAT-RF,GA,YTDJ,404,0.2234,284,True
FLAT-RF,GA,RML,42,0.4335,501,False
FLAT-RF,GA,RML,101,0.4335,129,True
FLAT-RF,GA,RML,202,0.4335,95,True
FLAT-RF,GA,RML,303,0.4335,244,True
FLAT-RF,GA,RML,404,0.4335,501,False
FLAT-RF,GA,XAM-N6,42,0.0437,436,True
FLAT-RF,GA,XAM-N6,101,0.0437,83,True
FLAT-RF,GA,XAM-N6,202,0.0437,501,False
FLAT-RF,GA,XAM-N6,303,0.0437,501,False
FLAT-RF,GA,XAM-N6,404,0.0437,501,False
FLAT-RF,CMA-ES,Tianjin,42,0.1457,400,True
FLAT-RF,CMA-ES,Tianjin,101,0.1457,473,True
FLAT-RF,CMA-ES,Tianjin,202,0.1457,501,False
FLAT-RF,CMA-ES,Tianjin,303,0.1457,391,True
FLAT-RF,CMA-ES,Tianjin,404,0.1457,174,True
FLAT-RF,CMA-ES,Changchun,42,0.1685,446,True
FLAT-RF,CMA-ES,Changchun,101,0.1685,319,True
FLAT-RF,CMA-ES,Changchun,202,0.1685,463,True
FLAT-RF,CMA-ES,Changchun,303,0.1685,268,True
FLAT-RF,CMA-ES,Changchun,404,0.1685,501,False
FLAT-RF,CMA-ES,Xian,42,0.4296,297,True
FLAT-RF,CMA-ES,Xian,101,0.4296,287,True
FLAT-RF,CMA-ES,Xian,202,0.4296,188,True
FLAT-RF,CMA-ES,Xian,303,0.4296,125,True
FLAT-RF,CMA-ES,Xian,404,0.4296,158,True
FLAT-RF,CMA-ES,YTDJ,42,0.2234,144,True
FLAT-RF,CMA-ES,YTDJ,101,0.2234,152,True
FLAT-RF,CMA-ES,YTDJ,202,0.2234,196,True
FLAT-RF,CMA-ES,YTDJ,303,0.2234,60,True
FLAT-RF,CMA-ES,YTDJ,404,0.2234,212,True
FLAT-RF,CMA-ES,RML,42,0.4335,238,True
FLAT-RF,CMA-ES,RML,101,0.4335,79,True
FLAT-RF,CMA-ES,RML,202,0.4335,120,True
FLAT-RF,CMA-ES,RML,303,0.4335,362,True
FLAT-RF,CMA-ES,RML,404,0.4335,88,True
FLAT-RF,CMA-ES,XAM-N6,42,0.0437,501,False
FLAT-RF,CMA-ES,XAM-N6,101,0.0437,501,False
FLAT-RF,CMA-ES,XAM-N6,202,0.0437,501,False
FLAT-RF,CMA-ES,XAM-N6,303,0.0437,213,True
FLAT-RF,CMA-ES,XAM-N6,404,0.0437,293,True
FLAT-RF,TPE,Tianjin,42,0.1457,143,True
FLAT-RF,TPE,Tianjin,101,0.1457,127,True
FLAT-RF,TPE,Tianjin,202,0.1457,278,True
FLAT-RF,TPE,Tianjin,303,0.1457,218,True
FLAT-RF,TPE,Tianjin,404,0.1457,45,True
FLAT-RF,TPE,Changchun,42,0.1685,221,True
FLAT-RF,TPE,Changchun,101,0.1685,223,True
FLAT-RF,TPE,Changchun,202,0.1685,22,True
FLAT-RF,TPE,Changchun,303,0.1685,229,True
FLAT-RF,TPE,Changchun,404,0.1685,143,True
FLAT-RF,TPE,Xian,42,0.4296,127,True
FLAT-RF,TPE,Xian,101,0.4296,80,True
FLAT-RF,TPE,Xian,202,0.4296,189,True
FLAT-RF,TPE,Xian,303,0.4296,177,True
FLAT-RF,TPE,Xian,404,0.4296,73,True
FLAT-RF,TPE,YTDJ,42,0.2234,44,True
FLAT-RF,TPE,YTDJ,101,0.2234,113,True
FLAT-RF,TPE,YTDJ,202,0.2234,54,True
FLAT-RF,TPE,YTDJ,303,0.2234,62,True
FLAT-RF,TPE,YTDJ,404,0.2234,85,True
FLAT-RF,TPE,RML,42,0.4335,133,True
FLAT-RF,TPE,RML,101,0.4335,501,False
FLAT-RF,TPE,RML,202,0.4335,89,True
FLAT-RF,TPE,RML,303,0.4335,501,False
FLAT-RF,TPE,RML,404,0.4335,498,True
FLAT-RF,TPE,XAM-N6,42,0.0437,27,True
FLAT-RF,TPE,XAM-N6,101,0.0437,118,True
FLAT-RF,TPE,XAM-N6,202,0.0437,93,True
FLAT-RF,TPE,XAM-N6,303,0.0437,29,True
FLAT-RF,TPE,XAM-N6,404,0.0437,368,True
