scene,method_key,seed,jb_at_budget,jb_final,optimization_objective
Tianjin,BF-SAC-RF,42,0.15,0.15,jb
Tianjin,BF-SAC-RF,101,0.1602,0.1602,jb
Tianjin,BF-SAC-RF,202,0.1333,0.1333,jb
Tianjin,BF-SAC-RF,303,0.1495,0.1495,jb
Tianjin,BF-SAC-RF,404,0.1356,0.1356,jb
Tianjin,TPE,42,0.1724,0.1724,jb
Tianjin,TPE,101,0.1719,0.1719,jb
Tianjin,TPE,202,0.1679,0.1679,jb
Tianjin,TPE,303,0.1659,0.1659,jb
Tianjin,TPE,404,0.1476,0.1476,jb
Tianjin,BF-SAC-RF-RAW,42,0.4127,0.4127,raw_rmse
Tianjin,BF-SAC-RF-RAW,101,0.2503,0.2503,raw_rmse
Tianjin,BF-SAC-RF-RAW,202,0.3373,0.3373,raw_rmse
Tianjin,BF-SAC-RF-RAW,303,0.321,0.321,raw_rmse
Tianjin,BF-SAC-RF-RAW,404,0.4012,0.4012,raw_rmse
Tianjin,TPE-RAW,42,0.2134,0.2134,raw_rmse
Tianjin,TPE-RAW,101,0.359,0.359,raw_rmse
Tianjin,TPE-RAW,202,0.2388,0.2388,raw_rmse
Tianjin,TPE-RAW,303,0.505,0.505,raw_rmse
Tianjin,TPE-RAW,404,0.3177,0.3177,raw_rmse
Changchun,BF-SAC-RF,42,0.1844,0.1844,jb
Changchun,BF-SAC-RF,101,0.1743,0.1743,jb
Changchun,BF-SAC-RF,202,0.1525,0.1525,jb
Changchun,BF-SAC-RF,303,0.1799,0.1799,jb
Changchun,BF-SAC-RF,404,0.1512,0.1512,jb
Changchun,TPE,42,0.1643,0.1643,jb
Changchun,TPE,101,0.1782,0.1782,jb
Changchun,TPE,202,0.1809,0.1809,jb
Changchun,TPE,303,0.1481,0.1481,jb
Changchun,TPE,404,0.1635,0.1635,jb
Changchun,BF-SAC-RF-RAW,42,0.2476,0.2476,raw_rmse
Changchun,BF-SAC-RF-RAW,101,0.2908,0.2908,raw_rmse
Changchun,BF-SAC-RF-RAW,202,0.299,0.299,raw_rmse
Changchun,BF-SAC-RF-RAW,303,0.33,0.33,raw_rmse
Changchun,BF-SAC-RF-RAW,404,0.2293,0.2293,raw_rmse
Changchun,TPE-RAW,42,0.2644,0.2644,raw_rmse
Changchun,TPE-RAW,101,0.261,0.261,raw_rmse
Changchun,TPE-RAW,202,0.1859,0.1859,raw_rmse
Changchun,TPE-RAW,303,0.3025,0.3025,raw_rmse
Changchun,TPE-RAW,404,0.3722,0.3722,raw_rmse
Xian,BF-SAC-RF,42,0.4254,0.4254,jb
Xian,BF-SAC-RF,101,0.4375,0.4375,jb
Xian,BF-SAC-RF,202,0.4318,0.4318,jb
Xian,BF-SAC-RF,303,0.4255,0.4255,jb
Xian,BF-SAC-RF,404,0.4278,0.4278,jb
Xian,TPE,42,0.4249,0.4249,jb
Xian,TPE,101,0.4194,0.4194,jb
Xian,TPE,202,0.4087,0.4087,jb
Xian,TPE,303,0.4393,0.4393,jb
Xian,TPE,404,0.4399,0.4399,jb
Xian,BF-SAC-RF-RAW,42,0.5091,0.5091,raw_rmse
Xian,BF-SAC-RF-RAW,101,0.4944,0.4944,raw_rmse
Xian,BF-SAC-RF-RAW,202,0.476,0.476,raw_rmse
Xian,BF-SAC-RF-RAW,303,0.4776,0.4776,raw_rmse
Xian,BF-SAC-RF-RAW,404,0.4825,0.4825,raw_rmse
Xian,TPE-RAW,42,0.4619,0.4619,raw_rmse
Xian,TPE-RAW,101,0.4785,0.4785,raw_rmse
Xian,TPE-RAW,202,0.4974,0.4974,raw_rmse
Xian,TPE-RAW,303,0.4665,0.4665,raw_rmse
Xian,TPE-RAW,404,0.452,0.452,raw_rmse
YTDJ,BF-SAC-RF,42,0.2154,0.2154,jb
YTDJ,BF-SAC-RF,101,0.2443,0.2443,jb
YTDJ,BF-SAC-RF,202,0.2115,0.2115,jb
YTDJ,BF-SAC-RF,303,0.2318,0.2318,jb
YTDJ,BF-SAC-RF,404,0.2139,0.2139,jb
YTDJ,TPE,42,0.2152,0.2152,jb
YTDJ,TPE,101,0.3388,0.3388,jb
YTDJ,TPE,202,0.3312,0.3312,jb
YTDJ,TPE,303,0.328,0.328,jb
YTDJ,TPE,404,0.2052,0.2052,jb
YTDJ,BF-SAC-RF-RAW,42,0.4037,0.4037,raw_rmse
YTDJ,BF-SAC-RF-RAW,101,0.5805,0.5805,raw_rmse
YTDJ,BF-SAC-RF-RAW,202,0.3136,0.3136,raw_rmse
YTDJ,BF-SAC-RF-RAW,303,0.418,0.418,raw_rmse
YTDJ,BF-SAC-RF-RAW,404,0.6213,0.6213,raw_rmse
YTDJ,TPE-RAW,42,0.3257,0.3257,raw_rmse
YTDJ,TPE-RAW,101,0.3877,0.3877,raw_rmse
YTDJ,TPE-RAW,202,0.4093,0.4093,raw_rmse
YTDJ,TPE-RAW,303,0.4542,0.4542,raw_rmse
YTDJ,TPE-RAW,404,0.5968,0.5968,raw_rmse
RML,BF-SAC-RF,42,0.4404,0.4404,jb
RML,BF-SAC-RF,101,0.4462,0.4462,jb
RML,BF-SAC-RF,202,0.4487,0.4487,jb
RML,BF-SAC-RF,303,0.4374,0.4374,jb
RML,BF-SAC-RF,404,0.395,0.395,jb
RML,TPE,42,0.452,0.452,jb
RML,TPE,101,0.454,0.454,jb
RML,TPE,202,0.4431,0.4431,jb
RML,TPE,303,0.4478,0.4478,jb
RML,TPE,404,0.4641,0.4641,jb
RML,BF-SAC-RF-RAW,42,0.5011,0.5011,raw_rmse
RML,BF-SAC-RF-RAW,101,0.5093,0.5093,raw_rmse
RML,BF-SAC-RF-RAW,202,0.5334,0.5334,raw_rmse
RML,BF-SAC-RF-RAW,303,0.4987,0.4987,raw_rmse
RML,BF-SAC-RF-RAW,404,0.528,0.528,raw_rmse
RML,TPE-RAW,42,0.6492,0.6492,raw_rmse
RML,TPE-RAW,101,0.5945,0.5945,raw_rmse
RML,TPE-RAW,202,0.6388,0.6388,raw_rmse
RML,TPE-RAW,303,0.6005,0.6005,raw_rmse
RML,TPE-RAW,404,0.6152,0.6152,raw_rmse
XAM-N6,BF-SAC-RF,42,0.0571,0.0571,jb
XAM-N6,BF-SAC-RF,101,0.0465,0.0465,jb
XAM-N6,BF-SAC-RF,202,0.0406,0.0406,jb
XAM-N6,BF-SAC-RF,303,0.0363,0.0363,jb
XAM-N6,BF-SAC-RF,404,0.0381,0.0381,jb
XAM-N6,TPE,42,0.0561,0.0561,jb
XAM-N6,TPE,101,0.0433,0.0433,jb
XAM-N6,TPE,202,0.0543,0.0543,jb
XAM-N6,TPE,303,0.0371,0.0371,jb
XAM-N6,TPE,404,0.0457,0.0457,jb
XAM-N6,BF-SAC-RF-RAW,42,0.2771,0.2771,raw_rmse
XAM-N6,BF-SAC-RF-RAW,101,0.0817,0.33,raw_rmse
XAM-N6,BF-SAC-RF-RAW,202,0.064,0.3433,raw_rmse
XAM-N6,BF-SAC-RF-RAW,303,0.0512,0.2078,raw_rmse
XAM-N6,BF-SAC-RF-RAW,404,0.05,0.1927,raw_rmse
XAM-N6,TPE-RAW,42,0.1663,0.1663,raw_rmse
XAM-N6,TPE-RAW,101,0.2136,0.2136,raw_rmse
XAM-N6,TPE-RAW,202,0.1076,0.1076,raw_rmse
XAM-N6,TPE-RAW,303,0.3129,0.3129,raw_rmse
XAM-N6,TPE-RAW,404,0.3697,0.3697,raw_rmse
