scene,method_key,jb_mean,jb_std,n_seeds
Changchun,BF-SAC-RF,0.16846,0.01558598729628637,5
Changchun,BF-SAC-RF-RAW,0.27934000000000003,0.04060699447139618,5
Changchun,TPE,0.16699999999999998,0.013185218997043623,5
Changchun,TPE-RAW,0.2772,0.0678731537502126,5
RML,BF-SAC-RF,0.43354,0.022007907669744507,5
RML,BF-SAC-RF-RAW,0.5141,0.015771017722391933,5
RML,TPE,0.45220000000000005,0.007859071191941208,5
RML,TPE-RAW,0.6196400000000001,0.02376432199748185,5
Tianjin,BF-SAC-RF,0.14572000000000002,0.011168571976756922,5
Tianjin,BF-SAC-RF-RAW,0.34450000000000003,0.06584804476975759,5
Tianjin,TPE,0.16514,0.01017659078473728,5
Tianjin,TPE-RAW,0.32678,0.11562703836041117,5
XAM-N6,BF-SAC-RF,0.043719999999999995,0.008413203908143436,5
XAM-N6,BF-SAC-RF-RAW,0.1048,0.09716164366662393,5
XAM-N6,TPE,0.047299999999999995,0.007890500617831545,5
XAM-N6,TPE-RAW,0.23401999999999998,0.10678963901053322,5
Xian,BF-SAC-RF,0.42960000000000004,0.005122011323689159,5
Xian,BF-SAC-RF-RAW,0.48792,0.01386134914068615,5
Xian,TPE,0.42644000000000004,0.013352827415944532,5
Xian,TPE-RAW,0.47126,0.01744227622760286,5
YTDJ,BF-SAC-RF,0.22338,0.014170638658860788,5
YTDJ,BF-SAC-RF-RAW,0.46742,0.1290632674311324,5
YTDJ,TPE,0.28368000000000004,0.06728530300147276,5
YTDJ,TPE-RAW,0.43474,0.1017248887932545,5
