scene,pair,method_jb,method_raw,n,p_value,mean_delta_jb
Tianjin,FLAT-RF,BF-SAC-RF,BF-SAC-RF-RAW,5,0.03125,-0.19878
Tianjin,TPE,TPE,TPE-RAW,5,0.03125,-0.16164
Changchun,FLAT-RF,BF-SAC-RF,BF-SAC-RF-RAW,5,0.03125,-0.11088
Changchun,TPE,TPE,TPE-RAW,5,0.03125,-0.1102
Xian,FLAT-RF,BF-SAC-RF,BF-SAC-RF-RAW,5,0.03125,-0.05832
Xian,TPE,TPE,TPE-RAW,5,0.03125,-0.04481999999999999
YTDJ,FLAT-RF,BF-SAC-RF,BF-SAC-RF-RAW,5,0.03125,-0.24403999999999998
YTDJ,TPE,TPE,TPE-RAW,5,0.03125,-0.15106
RML,FLAT-RF,BF-SAC-RF,BF-SAC-RF-RAW,5,0.03125,-0.08055999999999999
RML,TPE,TPE,TPE-RAW,5,0.03125,-0.16744000000000003
XAM-N6,FLAT-RF,BF-SAC-RF,BF-SAC-RF-RAW,5,0.03125,-0.06108000000000002
XAM-N6,TPE,TPE,TPE-RAW,5,0.03125,-0.18672
