city,origin,turn,count,ratio,veh_per_hour
Xian,E,left,12,0.10619469026548672,47.44069473452785
Xian,E,straight,75,0.6637168141592921,296.50434209079907
Xian,E,right,26,0.23008849557522124,102.78817192481036
Xian,W,left,47,0.27167630057803466,185.8093877102341
Xian,W,straight,101,0.5838150289017341,399.29251401560947
Xian,W,right,25,0.14450867052023122,98.83478069693302
Xian,N,left,20,0.425531914893617,79.06782455754643
Xian,N,straight,21,0.44680851063829785,83.02121578542375
Xian,N,right,6,0.1276595744680851,23.720347367263926
Xian,S,left,23,0.3770491803278688,90.92799824117839
Xian,S,straight,25,0.4098360655737705,98.83478069693302
Xian,S,right,13,0.21311475409836064,51.39408596240518
