scene,method,method_key,budget_fair,error_at_budget,final_error,score_proxy_at_budget,score_proxy_final,n_sims,n_init,run_seed,backend
Tianjin,SPSA,SPSA,100,0.1644,0.1644,92.6,92.6,100,,42,sumo
Tianjin,SPSA,SPSA,100,0.1683,0.1683,92.43,92.43,100,,101,sumo
Tianjin,BF-SAC-RF,BF-SAC-RF,100,0.1018,0.1018,95.42,95.42,100,40.0,42,sumo
Tianjin,BF-SAC-RF,BF-SAC-RF,100,0.1294,0.1294,94.18,94.18,100,40.0,404,sumo
Tianjin,BF-SAC-RF,BF-SAC-RF,100,0.1106,0.1106,95.02,95.02,100,40.0,101,sumo
Tianjin,BF-SAC-RF,BF-SAC-RF,100,0.114,0.114,94.87,94.87,100,40.0,202,sumo
Tianjin,BF-SAC-RF,BF-SAC-RF,100,0.1613,0.1613,92.74,92.74,100,40.0,303,sumo
Tianjin,BF-SAC-MLP,BF-SAC-MLP,100,0.1433,0.1433,93.55,93.55,100,40.0,303,sumo
Tianjin,BF-SAC-MLP,BF-SAC-MLP,100,0.1062,0.1062,95.22,95.22,100,40.0,101,sumo
Tianjin,BF-SAC-MLP,BF-SAC-MLP,100,0.1413,0.1413,93.64,93.64,100,40.0,404,sumo
Tianjin,BF-SAC-MLP,BF-SAC-MLP,100,0.1034,0.1034,95.35,95.35,100,40.0,42,sumo
Tianjin,BF-SAC-MLP,BF-SAC-MLP,100,0.1413,0.1413,93.64,93.64,100,40.0,202,sumo
Tianjin,SPSA,SPSA,100,0.1961,0.1961,91.18,91.18,100,,303,sumo
Tianjin,SPSA,SPSA,100,0.1474,0.1474,93.37,93.37,100,,202,sumo
Tianjin,SPSA,SPSA,100,0.1568,0.1568,92.94,92.94,100,,404,sumo
Tianjin,遗传算法（GA）,GA,100,0.142,0.142,93.61,93.61,100,,202,sumo
Tianjin,遗传算法（GA）,GA,100,0.1844,0.1844,91.7,91.7,100,,42,sumo
Tianjin,遗传算法（GA）,GA,100,0.1452,0.1452,93.47,93.47,100,,101,sumo
Tianjin,遗传算法（GA）,GA,100,0.136,0.136,93.88,93.88,100,,303,sumo
Tianjin,遗传算法（GA）,GA,100,0.1252,0.1252,94.37,94.37,100,,404,sumo
Changchun,BF-SAC-RF,BF-SAC-RF,100,0.1882,0.1882,91.53,91.53,100,40.0,101,sumo
Changchun,BF-SAC-RF,BF-SAC-RF,100,0.1919,0.1919,91.37,91.36,100,40.0,303,sumo
Changchun,BF-SAC-RF,BF-SAC-RF,100,0.1924,0.1924,91.34,91.34,100,40.0,42,sumo
Changchun,BF-SAC-RF,BF-SAC-RF,100,0.1803,0.1803,91.89,91.89,100,40.0,202,sumo
Changchun,BF-SAC-RF,BF-SAC-RF,100,0.1849,0.1849,91.68,91.68,100,40.0,404,sumo
Changchun,SPSA,SPSA,100,0.282,0.282,87.31,87.31,100,,42,sumo
Changchun,SPSA,SPSA,100,0.2476,0.2476,88.86,88.86,100,,404,sumo
Changchun,遗传算法（GA）,GA,100,0.1882,0.1882,91.53,91.53,100,,42,sumo
Changchun,SPSA,SPSA,100,0.1768,0.1768,92.04,92.04,100,,303,sumo
Changchun,SPSA,SPSA,100,0.2299,0.2299,89.65,89.65,100,,202,sumo
Changchun,SPSA,SPSA,100,0.5948,0.5948,73.23,73.23,100,,101,sumo
Changchun,BF-SAC-MLP,BF-SAC-MLP,100,0.2,0.2,91.0,91.0,100,40.0,42,sumo
Changchun,遗传算法（GA）,GA,100,0.2308,0.2308,89.61,89.61,100,,101,sumo
Changchun,遗传算法（GA）,GA,100,0.2826,0.2826,87.28,87.28,100,,202,sumo
Changchun,BF-SAC-MLP,BF-SAC-MLP,100,0.1866,0.1866,91.6,91.6,100,40.0,303,sumo
Changchun,BF-SAC-MLP,BF-SAC-MLP,100,0.2212,0.2212,90.05,90.05,100,40.0,101,sumo
Changchun,遗传算法（GA）,GA,100,0.2155,0.2155,90.3,90.3,100,,303,sumo
Changchun,BF-SAC-MLP,BF-SAC-MLP,100,0.2047,0.2047,90.79,90.79,100,40.0,202,sumo
Changchun,BF-SAC-MLP,BF-SAC-MLP,100,0.1922,0.1922,91.35,91.35,100,40.0,404,sumo
Changchun,遗传算法（GA）,GA,100,0.2133,0.2133,90.4,90.4,100,,404,sumo
Xian,BF-SAC-RF,BF-SAC-RF,100,0.4526,0.4526,79.63,79.63,100,40.0,42,sumo
Xian,BF-SAC-RF,BF-SAC-RF,100,0.4271,0.4271,80.78,80.78,100,40.0,101,sumo
Xian,BF-SAC-RF,BF-SAC-RF,100,0.4494,0.4494,79.78,79.78,100,40.0,202,sumo
Xian,BF-SAC-RF,BF-SAC-RF,100,0.4254,0.4254,80.86,80.86,100,40.0,303,sumo
Xian,BF-SAC-RF,BF-SAC-RF,100,0.4207,0.4207,81.07,81.07,100,40.0,404,sumo
Xian,SPSA,SPSA,100,0.4596,0.4596,79.32,79.32,100,,42,sumo
Xian,SPSA,SPSA,100,0.455,0.455,79.53,79.53,100,,101,sumo
Xian,SPSA,SPSA,100,0.4698,0.4698,78.86,78.86,100,,202,sumo
Xian,SPSA,SPSA,100,0.5313,0.5313,76.09,76.09,100,,404,sumo
Xian,SPSA,SPSA,100,0.4797,0.4797,78.41,78.41,100,,303,sumo
Xian,遗传算法（GA）,GA,100,0.4289,0.4289,80.7,80.7,100,,42,sumo
Xian,遗传算法（GA）,GA,100,0.4378,0.4378,80.3,80.3,100,,101,sumo
Xian,BF-SAC-MLP,BF-SAC-MLP,100,0.4343,0.4343,80.46,80.46,100,40.0,303,sumo
Xian,遗传算法（GA）,GA,100,0.4383,0.4383,80.28,80.28,100,,202,sumo
Xian,遗传算法（GA）,GA,100,0.4383,0.4383,80.27,80.27,100,,303,sumo
Xian,遗传算法（GA）,GA,100,0.4464,0.4464,79.91,79.91,100,,404,sumo
Xian,BF-SAC-MLP,BF-SAC-MLP,100,0.4278,0.4278,80.75,80.75,100,40.0,404,sumo
YTDJ,BF-SAC-RF,BF-SAC-RF,100,0.1841,0.1841,91.71,91.72,100,40.0,202,sumo
YTDJ,BF-SAC-RF,BF-SAC-RF,100,0.194,0.194,91.27,91.27,100,40.0,303,sumo
YTDJ,BF-SAC-RF,BF-SAC-RF,100,0.1742,0.1742,92.16,92.16,100,40.0,42,sumo
YTDJ,BF-SAC-RF,BF-SAC-RF,100,0.1762,0.1762,92.07,92.07,100,40.0,101,sumo
Xian,BF-SAC-MLP,BF-SAC-MLP,100,0.4365,0.4365,80.36,80.36,100,40.0,101,sumo
YTDJ,BF-SAC-RF,BF-SAC-RF,100,0.1732,0.1732,92.2,92.21,100,40.0,404,sumo
Xian,BF-SAC-MLP,BF-SAC-MLP,100,0.4334,0.4334,80.49,80.5,100,40.0,202,sumo
Xian,BF-SAC-MLP,BF-SAC-MLP,100,0.427,0.427,80.78,80.78,100,40.0,42,sumo
YTDJ,SPSA,SPSA,100,0.6522,0.6522,70.65,70.65,100,,42,sumo
YTDJ,SPSA,SPSA,100,0.464,0.464,79.12,79.12,100,,202,sumo
YTDJ,SPSA,SPSA,100,0.1802,0.1802,91.89,91.89,100,,101,sumo
YTDJ,SPSA,SPSA,100,0.4946,0.4946,77.74,77.74,100,,303,sumo
YTDJ,BF-SAC-MLP,BF-SAC-MLP,100,0.177,0.177,92.03,92.03,100,40.0,101,sumo
YTDJ,遗传算法（GA）,GA,100,0.2084,0.2084,90.62,90.62,100,,42,sumo
YTDJ,BF-SAC-MLP,BF-SAC-MLP,100,0.1752,0.1752,92.12,92.12,100,40.0,202,sumo
YTDJ,BF-SAC-MLP,BF-SAC-MLP,100,0.181,0.181,91.86,91.86,100,40.0,42,sumo
YTDJ,SPSA,SPSA,100,0.2191,0.2191,90.14,90.14,100,,404,sumo
YTDJ,遗传算法（GA）,GA,100,0.1602,0.1602,92.79,92.79,100,,101,sumo
YTDJ,BF-SAC-MLP,BF-SAC-MLP,100,0.1736,0.1736,92.19,92.19,100,40.0,303,sumo
YTDJ,遗传算法（GA）,GA,100,0.198,0.198,91.09,91.09,100,,202,sumo
YTDJ,BF-SAC-MLP,BF-SAC-MLP,100,0.1548,0.1548,93.04,93.03,100,40.0,404,sumo
RML,BF-SAC-RF,BF-SAC-RF,100,0.3799,0.3799,82.91,82.9,100,40.0,42,sumo
YTDJ,遗传算法（GA）,GA,100,0.1729,0.1729,92.22,92.22,100,,303,sumo
RML,BF-SAC-RF,BF-SAC-RF,100,0.2939,0.2939,86.77,86.77,100,40.0,101,sumo
RML,BF-SAC-RF,BF-SAC-RF,100,0.3953,0.3953,82.21,82.21,100,40.0,303,sumo
RML,BF-SAC-RF,BF-SAC-RF,100,0.3504,0.3504,84.23,84.23,100,40.0,202,sumo
YTDJ,遗传算法（GA）,GA,100,0.1804,0.1804,91.88,91.88,100,,404,sumo
RML,BF-SAC-RF,BF-SAC-RF,100,0.3898,0.3898,82.46,82.46,100,40.0,404,sumo
RML,BF-SAC-MLP,BF-SAC-MLP,100,0.4466,0.4466,79.9,79.9,100,40.0,42,sumo
RML,SPSA,SPSA,100,0.5029,0.5029,77.37,77.37,100,,101,sumo
RML,SPSA,SPSA,100,0.5324,0.5324,76.04,76.04,100,,42,sumo
RML,SPSA,SPSA,100,0.3843,0.3843,82.71,82.71,100,,202,sumo
RML,BF-SAC-MLP,BF-SAC-MLP,100,0.4415,0.4415,80.13,80.13,100,40.0,101,sumo
RML,遗传算法（GA）,GA,100,0.4323,0.4323,80.55,80.55,100,,42,sumo
RML,SPSA,SPSA,100,0.6101,0.6101,72.55,72.55,100,,404,sumo
RML,遗传算法（GA）,GA,100,0.4366,0.4366,80.35,80.35,100,,101,sumo
RML,BF-SAC-MLP,BF-SAC-MLP,100,0.4561,0.4561,79.48,79.48,100,40.0,202,sumo
RML,BF-SAC-MLP,BF-SAC-MLP,100,0.454,0.454,79.57,79.57,100,40.0,404,sumo
RML,遗传算法（GA）,GA,100,0.4648,0.4648,79.08,79.08,100,,202,sumo
RML,BF-SAC-MLP,BF-SAC-MLP,100,0.4529,0.4529,79.62,79.62,100,40.0,303,sumo
RML,遗传算法（GA）,GA,100,0.4939,0.4939,77.77,77.77,100,,303,sumo
RML,遗传算法（GA）,GA,100,0.4992,0.4992,77.54,77.54,100,,404,sumo
XAM-N6,BF-SAC-RF,BF-SAC-RF,100,0.0903,0.0903,95.94,95.94,100,40.0,303,sumo
XAM-N6,BF-SAC-RF,BF-SAC-RF,100,0.0792,0.0792,96.44,96.44,100,40.0,101,sumo
XAM-N6,BF-SAC-RF,BF-SAC-RF,100,0.1096,0.1096,95.07,95.07,100,40.0,404,sumo
XAM-N6,BF-SAC-RF,BF-SAC-RF,100,0.0918,0.0918,95.87,95.87,100,40.0,202,sumo
XAM-N6,BF-SAC-RF,BF-SAC-RF,100,0.0916,0.0916,95.88,95.88,100,40.0,42,sumo
XAM-N6,SPSA,SPSA,100,0.5163,0.5163,76.77,76.77,100,,42,sumo
XAM-N6,SPSA,SPSA,100,0.4099,0.4099,81.56,81.56,100,,101,sumo
XAM-N6,BF-SAC-MLP,BF-SAC-MLP,100,0.0867,0.0867,96.1,96.1,100,40.0,42,sumo
XAM-N6,BF-SAC-MLP,BF-SAC-MLP,100,0.0889,0.0889,96.0,96.0,100,40.0,101,sumo
XAM-N6,BF-SAC-MLP,BF-SAC-MLP,100,0.1089,0.1089,95.1,95.1,100,40.0,202,sumo
XAM-N6,SPSA,SPSA,100,0.2375,0.2375,89.31,89.31,100,,404,sumo
XAM-N6,遗传算法（GA）,GA,100,0.0996,0.0996,95.52,95.52,100,,42,sumo
XAM-N6,BF-SAC-MLP,BF-SAC-MLP,100,0.1035,0.1035,95.34,95.34,100,40.0,303,sumo
XAM-N6,遗传算法（GA）,GA,100,0.1057,0.1057,95.25,95.25,100,,101,sumo
XAM-N6,SPSA,SPSA,100,0.3003,0.3003,86.49,86.49,100,,303,sumo
XAM-N6,BF-SAC-MLP,BF-SAC-MLP,100,0.1009,0.1009,95.46,95.46,100,40.0,404,sumo
XAM-N6,遗传算法（GA）,GA,100,0.1056,0.1056,95.25,95.25,100,,202,sumo
XAM-N6,遗传算法（GA）,GA,100,0.1034,0.1034,95.35,95.35,100,,303,sumo
XAM-N6,遗传算法（GA）,GA,100,0.1305,0.1305,94.13,94.13,100,,404,sumo
